{"collection/agents/info/pos_rew":-0.0005777504993602633,"_runtime":14.307984774,"collection/agents/reward/episode_reward_max":0.19365698099136353,"collection/agents/info/final_rew":0,"_wandb":{"runtime":14},"collection/reward/episode_reward_mean":-0.6911084651947021,"collection/reward/episode_reward_min":-7.521761894226074,"collection/reward/reward_min":-1.023594617843628,"collection/reward/episode_reward_max":0.19365698099136353,"_step":0,"collection/agents/info/agent_collisions":-0.0063333334401249886,"collection/reward/reward_max":0.032971203327178955,"collection/agents/reward/episode_reward_min":-7.521761894226074,"collection/reward/reward_mean":-0.006911083124577999,"_timestamp":1.773324198120815e+09,"collection/agents/reward/episode_reward_mean":-0.6911084651947021}