{"_wandb":{"runtime":3},"collection/agents/reward/episode_reward_min":-4.942790508270264,"collection/reward/episode_reward_min":-4.942790508270264,"collection/agents/reward/episode_reward_mean":-0.6034101247787476,"collection/agents/reward/episode_reward_max":0.20819808542728424,"collection/agents/info/pos_rew":-0.0002841009118128568,"collection/reward/reward_mean":-0.006034100893884897,"collection/reward/episode_reward_max":0.20819808542728424,"collection/reward/reward_max":0.032273173332214355,"collection/agents/info/final_rew":0,"_runtime":3.5901359790000003,"collection/agents/info/agent_collisions":-0.005750000011175871,"_timestamp":1.7732462354274504e+09,"collection/reward/episode_reward_mean":-0.6034101247787476,"collection/reward/reward_min":-1.0179288387298584,"_step":0}