{"collection/reward/reward_max":0.032273173332214355,"_runtime":3.6064258540000003,"collection/agents/reward/episode_reward_max":0.20819808542728424,"collection/agents/info/agent_collisions":-0.005750000011175871,"collection/reward/reward_mean":-0.006034100893884897,"collection/agents/reward/episode_reward_mean":-0.6034101247787476,"collection/reward/episode_reward_max":0.20819808542728424,"collection/reward/episode_reward_mean":-0.6034101247787476,"_step":0,"collection/reward/episode_reward_min":-4.942790985107422,"collection/reward/reward_min":-1.0179288387298584,"collection/agents/info/final_rew":0,"_wandb":{"runtime":3},"collection/agents/reward/episode_reward_min":-4.942790985107422,"_timestamp":1.7732497354929173e+09,"collection/agents/info/pos_rew":-0.00028410088270902634}