{"collection/reward/episode_reward_min":-5.372356414794922,"train/agents/kl_approx":0.004084097687155008,"timers/total_time":82.63917779922485,"counters/total_frames":48000,"eval/agents/reward/episode_reward_min":-26.125988006591797,"eval/reward/episode_reward_max":0.5148110389709473,"train/agents/ESS":0.991735577583313,"collection/agents/reward/episode_reward_min":-5.372356414794922,"eval/reward/episode_len_mean":100,"train/agents/loss_objective":-0.010506578721106052,"_runtime":82,"timers/iteration_time":8.103710651397705,"eval/reward/episode_reward_min":-26.125988006591797,"train/agents/grad_norm_loss_objective":0.1281069666147232,"eval/agents/reward/episode_reward_max":0.5148110389709473,"timers/evaluation_time":3.5498738288879395,"collection/agents/info/final_rew":0,"train/agents/loss_entropy":0,"train/agents/entropy":1.1820366382598877,"collection/reward/episode_reward_mean":-0.572023868560791,"collection/reward/reward_max":0.034407973289489746,"collection/agents/info/pos_rew":0.0055297622457146645,"_wandb":{"runtime":82},"train/agents/explained_variance":0.3762771785259247,"collection/reward/reward_mean":-0.005720238201320171,"collection/agents/reward/episode_reward_mean":-0.572023868560791,"eval/agents/reward/episode_reward_mean":-6.957683086395264,"eval/video":{"size":167869,"path":"media/videos/eval/video_0_b46a41492d235904ba4f.mp4","width":700,"height":700,"_type":"video-file","sha256":"b46a41492d235904ba4f6aee1b9b6e32331188ac50aabb6c75cba66de84e52f5"},"counters/current_frames":6000,"train/agents/grad_norm_loss_critic":0.11123263835906982,"_step":7,"timers/collection_time":3.731156826019287,"eval/reward/episode_reward_mean":-6.957683086395264,"_timestamp":1.7733263195270095e+09,"collection/reward/episode_reward_max":0.8371591567993164,"collection/agents/info/agent_collisions":-0.011249999515712261,"collection/reward/reward_min":-2.0067431926727295,"counters/iter":7,"train/agents/loss_critic":0.12436565011739731,"timers/training_time":4.371488094329834,"collection/agents/reward/episode_reward_max":0.8371591567993164,"train/agents/clip_fraction":0.044511109590530396}