{
    "vmas": {
        "navigation": {
            "gppo": {
                "seed_0": {
                    "absolute_metrics": {
                        "agents_return": [
                            0.5148110389709473
                        ],
                        "return": [
                            0.5148110389709473
                        ]
                    },
                    "step_0": {
                        "step_count": 6000,
                        "agents_return": [
                            0.3906093239784241,
                            -26.125988006591797,
                            -8.569141387939453,
                            -12.17258071899414,
                            -7.082910060882568,
                            -5.513067722320557,
                            0.5148110389709473,
                            -0.6373044848442078,
                            -2.7441627979278564,
                            -7.637090682983398
                        ],
                        "return": [
                            0.3906093239784241,
                            -26.125988006591797,
                            -8.569141387939453,
                            -12.17258071899414,
                            -7.082910060882568,
                            -5.513067722320557,
                            0.5148110389709473,
                            -0.6373044848442078,
                            -2.7441627979278564,
                            -7.637090682983398
                        ]
                    }
                }
            }
        }
    }
}