{"_step":179,"collection/agents/reward/episode_reward_mean":0.8224086165428162,"collection/agents/reward/episode_reward_min":-1.299644112586975,"timers/collection_time":3.9408040046691895,"train/agents/explained_variance":0.9963041543960571,"train/agents/grad_norm_loss_critic":1.0104023218154907,"collection/reward/episode_reward_min":-1.299644112586975,"counters/current_frames":6000,"timers/iteration_time":9.933188915252686,"train/agents/loss_critic":0.0065357559360563755,"eval/reward/episode_len_mean":100,"collection/agents/info/pos_rew":0.00961849931627512,"_runtime":1506,"collection/reward/episode_reward_max":1.6285271644592285,"eval/agents/reward/episode_reward_mean":0.8231359720230103,"train/agents/loss_entropy":0,"eval/reward/episode_reward_max":1.340144157409668,"_timestamp":1.7733279045506964e+09,"train/agents/loss_objective":-0.00039765684050507843,"collection/reward/reward_min":-1.0048308372497559,"counters/total_frames":1080000,"timers/total_time":1504.7772433757782,"eval/video":{"_type":"video-file","sha256":"c97668ca89a7554a7f2fc49d8c013619f40765e6b58de22e635454a87a9ce78a","size":209011,"path":"media/videos/eval/video_179_c97668ca89a7554a7f2f.mp4","width":700,"height":700},"train/agents/ESS":0.9730650186538696,"collection/reward/reward_mean":0.008618499152362347,"collection/reward/episode_reward_mean":0.8224086165428162,"timers/evaluation_time":1.4172959327697754,"eval/reward/episode_reward_min":0.3227955102920532,"eval/agents/reward/episode_reward_max":1.340144157409668,"eval/reward/episode_reward_mean":0.8231359720230103,"train/agents/grad_norm_loss_objective":1.758424162864685,"_wandb":{"runtime":1506},"eval/agents/reward/episode_reward_min":0.3227955102920532,"train/agents/kl_approx":0.013713384978473186,"collection/agents/reward/episode_reward_max":1.6285271644592285,"train/agents/entropy":-2.3707027435302734,"collection/reward/reward_max":0.04935711622238159,"counters/iter":179,"collection/agents/info/final_rew":0,"train/agents/clip_fraction":0.16482406854629517,"timers/training_time":3.9540493488311768,"collection/agents/info/agent_collisions":-0.0009999999310821295}