{"collection/agents/reward/episode_reward_min":-7.515369892120361,"collection/reward/reward_min":-1.0229644775390625,"collection/agents/info/pos_rew":-0.0005635020788758993,"collection/reward/episode_reward_max":0.18633076548576355,"collection/reward/episode_reward_mean":-0.6896835565567017,"collection/reward/reward_max":0.03376871347427368,"collection/agents/info/agent_collisions":-0.0063333334401249886,"_wandb":{"runtime":14},"collection/agents/info/final_rew":0,"_timestamp":1.7733233866137352e+09,"_step":0,"collection/agents/reward/episode_reward_max":0.18633076548576355,"collection/reward/reward_mean":-0.006896835286170244,"collection/agents/reward/episode_reward_mean":-0.6896835565567017,"_runtime":14.496928041,"collection/reward/episode_reward_min":-7.515369892120361}