{
    "vmas": {
        "navigation": {
            "gppo": {
                "seed_0": {
                    "absolute_metrics": {
                        "agents_return": [
                            1.7579458951950073
                        ],
                        "return": [
                            1.7579458951950073
                        ]
                    },
                    "step_0": {
                        "step_count": 6000,
                        "agents_return": [
                            0.3866383731365204,
                            -26.629451751708984,
                            -11.071937561035156,
                            -12.177974700927734,
                            -7.083389759063721,
                            -7.010228157043457,
                            0.5183389186859131,
                            -1.1382496356964111,
                            -2.7425055503845215,
                            -8.140970230102539
                        ],
                        "return": [
                            0.3866383731365204,
                            -26.629451751708984,
                            -11.071937561035156,
                            -12.177974700927734,
                            -7.083389759063721,
                            -7.010228157043457,
                            0.5183389186859131,
                            -1.1382496356964111,
                            -2.7425055503845215,
                            -8.140970230102539
                        ]
                    },
                    "step_1": {
                        "step_count": 120000,
                        "agents_return": [
                            1.2119970321655273,
                            0.9008084535598755,
                            1.5188753604888916,
                            1.0702544450759888,
                            1.094050407409668,
                            0.7698678970336914,
                            0.9803534746170044,
                            0.9691548347473145,
                            0.5760376453399658,
                            0.9500604867935181
                        ],
                        "return": [
                            1.2119970321655273,
                            0.9008084535598755,
                            1.5188753604888916,
                            1.0702544450759888,
                            1.094050407409668,
                            0.7698678970336914,
                            0.9803534746170044,
                            0.9691548347473145,
                            0.5760376453399658,
                            0.9500604867935181
                        ]
                    },
                    "step_2": {
                        "step_count": 240000,
                        "agents_return": [
                            0.8921574354171753,
                            1.2908897399902344,
                            1.2180501222610474,
                            0.37627431750297546,
                            1.538020133972168,
                            0.9924685955047607,
                            0.7974033355712891,
                            1.104520559310913,
                            1.3056195974349976,
                            1.0941853523254395
                        ],
                        "return": [
                            0.8921574354171753,
                            1.2908897399902344,
                            1.2180501222610474,
                            0.37627431750297546,
                            1.538020133972168,
                            0.9924685955047607,
                            0.7974033355712891,
                            1.104520559310913,
                            1.3056195974349976,
                            1.0941853523254395
                        ]
                    },
                    "step_3": {
                        "step_count": 360000,
                        "agents_return": [
                            0.4364316761493683,
                            0.9830427169799805,
                            1.3796069622039795,
                            0.6665089726448059,
                            1.005387544631958,
                            0.9580750465393066,
                            0.9414057731628418,
                            1.1216280460357666,
                            1.1395028829574585,
                            1.2806880474090576
                        ],
                        "return": [
                            0.4364316761493683,
                            0.9830427169799805,
                            1.3796069622039795,
                            0.6665089726448059,
                            1.005387544631958,
                            0.9580750465393066,
                            0.9414057731628418,
                            1.1216280460357666,
                            1.1395028829574585,
                            1.2806880474090576
                        ]
                    },
                    "step_4": {
                        "step_count": 480000,
                        "agents_return": [
                            1.1926898956298828,
                            0.8594861030578613,
                            0.9563472270965576,
                            0.8231693506240845,
                            0.7456756830215454,
                            1.2357470989227295,
                            1.222002387046814,
                            1.0799543857574463,
                            1.094415307044983,
                            1.1583993434906006
                        ],
                        "return": [
                            1.1926898956298828,
                            0.8594861030578613,
                            0.9563472270965576,
                            0.8231693506240845,
                            0.7456756830215454,
                            1.2357470989227295,
                            1.222002387046814,
                            1.0799543857574463,
                            1.094415307044983,
                            1.1583993434906006
                        ]
                    },
                    "step_5": {
                        "step_count": 600000,
                        "agents_return": [
                            1.2753347158432007,
                            1.0975700616836548,
                            1.053277850151062,
                            1.1122044324874878,
                            1.2884876728057861,
                            1.1175671815872192,
                            0.794060230255127,
                            0.5585453510284424,
                            0.39614254236221313,
                            0.4941716492176056
                        ],
                        "return": [
                            1.2753347158432007,
                            1.0975700616836548,
                            1.053277850151062,
                            1.1122044324874878,
                            1.2884876728057861,
                            1.1175671815872192,
                            0.794060230255127,
                            0.5585453510284424,
                            0.39614254236221313,
                            0.4941716492176056
                        ]
                    },
                    "step_6": {
                        "step_count": 720000,