{
    "vmas": {
        "navigation": {
            "ippo": {
                "seed_0": {
                    "absolute_metrics": {
                        "agents_return": [
                            0.7173852324485779
                        ],
                        "return": [
                            0.7173852324485779
                        ]
                    },
                    "step_0": {
                        "step_count": 6000,
                        "agents_return": [
                            -4.365545272827148,
                            -8.023629188537598,
                            -1.9476723670959473,
                            -0.10336080193519592,
                            0.2609211802482605,
                            0.40623873472213745,
                            0.2834692597389221,
                            -0.22613051533699036,
                            0.3160518407821655,
                            0.10419410467147827
                        ],
                        "return": [
                            -4.365545272827148,
                            -8.023629188537598,
                            -1.9476723670959473,
                            -0.10336080193519592,
                            0.2609211802482605,
                            0.40623873472213745,
                            0.2834692597389221,
                            -0.22613051533699036,
                            0.3160518407821655,
                            0.10419410467147827
                        ]
                    },
                    "step_1": {
                        "step_count": 120000,
                        "agents_return": [
                            -2.730335235595703,
                            -2.1536779403686523,
                            0.5451028347015381,
                            0.2416902333498001,
                            -8.762992858886719,
                            -34.62080001831055,
                            -21.25437355041504,
                            0.2859283983707428,
                            0.06018909811973572,
                            0.2629860043525696
                        ],
                        "return": [
                            -2.730335235595703,
                            -2.1536779403686523,
                            0.5451028347015381,
                            0.2416902333498001,
                            -8.762992858886719,
                            -34.62080001831055,
                            -21.25437355041504,
                            0.2859283983707428,
                            0.06018909811973572,
                            0.2629860043525696
                        ]
                    },
                    "step_2": {
                        "step_count": 240000,
                        "agents_return": [
                            0.297158807516098,
                            0.08502012491226196,
                            0.0400649756193161,
                            0.6382729411125183,
                            -1.1954888105392456,
                            -0.902795672416687,
                            -10.338505744934082,
                            0.3789166510105133,
                            0.3949727416038513,
                            0.2763562798500061
                        ],
                        "return": [
                            0.297158807516098,
                            0.08502012491226196,
                            0.0400649756193161,
                            0.6382729411125183,
                            -1.1954888105392456,
                            -0.902795672416687,
                            -10.338505744934082,
                            0.3789166510105133,
                            0.3949727416038513,
                            0.2763562798500061
                        ]
                    },
                    "step_3": {
                        "step_count": 360000,
                        "agents_return": [
                            -6.665393829345703,
                            0.7173852324485779,
                            0.5853314399719238,
                            -2.1212878227233887,
                            0.15297213196754456,
                            -23.247709274291992,
                            0.41562187671661377,
                            0.2381424903869629,
                            -1.6263023614883423,
                            -25.3079776763916
                        ],
                        "return": [
                            -6.665393829345703,
                            0.7173852324485779,
                            0.5853314399719238,
                            -2.1212878227233887,
                            0.15297213196754456,
                            -23.247709274291992,
                            0.41562187671661377,
                            0.2381424903869629,
                            -1.6263023614883423,
                            -25.3079776763916
                        ]
                    },
                    "step_4": {
                        "step_count": 480000,
                        "agents_return": [
                            0.3228289484977722,
                            0.717044472694397,
                            0.17743363976478577,
                            0.3783150911331177,
                            0.440851628780365,
                            0.6937575340270996,
                            0.5158659219741821,
                            0.36251628398895264,
                            0.3403112590312958,
                            -13.930024147033691
                        ],
                        "return": [
                            0.3228289484977722,
                            0.717044472694397,
                            0.17743363976478577,
                            0.3783150911331177,
                            0.440851628780365,
                            0.6937575340270996,
                            0.5158659219741821,
                            0.36251628398895264,
                            0.3403112590312958,
                            -13.930024147033691
                        ]
                    }
                }
            }
        }
    }
}