{"_step":98,"train/agents/loss_objective":-0.003158553736284375,"counters/current_frames":6000,"timers/evaluation_time":1.6189939975738525,"timers/iteration_time":10.59499216079712,"eval/reward/episode_reward_mean":-0.9981098175048828,"collection/agents/info/agent_collisions":-0.013249999843537807,"train/agents/clip_fraction":0.10429629683494568,"collection/agents/reward/episode_reward_max":1.2057514190673828,"eval/reward/episode_reward_min":-13.930024147033691,"collection/agents/info/final_rew":0,"timers/collection_time":4.431467771530151,"collection/reward/reward_min":-1.9795056581497192,"_timestamp":1.7731556132456868e+09,"train/agents/loss_entropy":0,"collection/agents/reward/episode_reward_min":-8.316408157348633,"eval/agents/reward/episode_reward_max":0.717044472694397,"collection/agents/info/pos_rew":0.00711118895560503,"collection/reward/episode_reward_min":-8.316408157348633,"_runtime":1044.525741217,"eval/video":{"height":700,"_type":"video-file","sha256":"58c96c9014cce1f8bd44b27ae67c3a6f8337fae64806a3034432b4ffa35293ee","size":217457,"path":"media/videos/eval/video_79_58c96c9014cce1f8bd44.mp4","width":700},"collection/reward/reward_max":0.05013883113861084,"eval/agents/reward/episode_reward_min":-13.930024147033691,"train/agents/loss_critic":0.16377070546150208,"timers/total_time":2309.8323180675507,"_wandb":{"runtime":1044},"train/agents/ESS":0.9695278406143188,"collection/agents/reward/episode_reward_mean":-0.6138810515403748,"train/agents/grad_norm_loss_critic":0.26940613985061646,"train/agents/entropy":0.24896036088466644,"train/agents/explained_variance":0.4084034860134125,"collection/reward/reward_mean":-0.006138810887932777,"timers/training_time":6.162398338317871,"eval/agents/reward/episode_reward_mean":-0.9981098175048828,"counters/iter":97,"train/agents/kl_approx":0.02942097745835781,"eval/reward/episode_len_mean":100,"train/agents/grad_norm_loss_objective":0.21764174103736877,"collection/reward/episode_reward_max":1.2057514190673828,"eval/reward/episode_reward_max":0.717044472694397,"counters/total_frames":588000,"collection/reward/episode_reward_mean":-0.6138810515403748}