{
    "vmas": {
        "navigation": {
            "gppo": {
                "seed_0": {
                    "absolute_metrics": {
                        "agents_return": [
                            0.4810192584991455
                        ],
                        "return": [
                            0.4810192584991455
                        ]
                    },
                    "step_0": {
                        "step_count": 6000,
                        "agents_return": [
                            0.10555563867092133,
                            0.4810192584991455,
                            -0.02504049241542816,
                            -0.007868394255638123,
                            0.16994833946228027,
                            0.2566416561603546,
                            0.30055344104766846,
                            0.18215209245681763,
                            0.2214239239692688,
                            0.25942760705947876
                        ],
                        "return": [
                            0.10555563867092133,
                            0.4810192584991455,
                            -0.02504049241542816,
                            -0.007868394255638123,
                            0.16994833946228027,
                            0.2566416561603546,
                            0.30055344104766846,
                            0.18215209245681763,
                            0.2214239239692688,
                            0.25942760705947876
                        ]
                    }
                }
            }
        }
    }
}