{
    "vmas": {
        "navigation": {
            "gppo": {
                "seed_0": {
                    "absolute_metrics": {
                        "agents_return": [
                            1.1761188507080078
                        ],
                        "return": [
                            1.1761188507080078
                        ]
                    },
                    "step_0": {
                        "step_count": 6000,
                        "agents_return": [
                            0.10547469556331635,
                            0.4808845818042755,
                            -0.024994298815727234,
                            -0.00779937207698822,
                            0.16993337869644165,
                            0.25652575492858887,
                            0.30051547288894653,
                            0.1820717453956604,
                            0.22137457132339478,
                            0.25932326912879944
                        ],
                        "return": [
                            0.10547469556331635,
                            0.4808845818042755,
                            -0.024994298815727234,
                            -0.00779937207698822,
                            0.16993337869644165,
                            0.25652575492858887,
                            0.30051547288894653,
                            0.1820717453956604,
                            0.22137457132339478,
                            0.25932326912879944
                        ]
                    },
                    "step_1": {
                        "step_count": 120000,
                        "agents_return": [
                            -23.03515625,
                            0.28759488463401794,
                            0.5736969113349915,
                            -2.4028706550598145,
                            0.008474618196487427,
                            -42.43486785888672,
                            0.24192804098129272,
                            0.5204921960830688,
                            -0.08751896023750305,
                            -22.648225784301758
                        ],
                        "return": [
                            -23.03515625,
                            0.28759488463401794,
                            0.5736969113349915,
                            -2.4028706550598145,
                            0.008474618196487427,
                            -42.43486785888672,
                            0.24192804098129272,
                            0.5204921960830688,
                            -0.08751896023750305,
                            -22.648225784301758
                        ]
                    },
                    "step_2": {
                        "step_count": 240000,
                        "agents_return": [
                            0.3152465224266052,
                            -0.48320186138153076,
                            0.6107617616653442,
                            -5.686977386474609,
                            0.5512323975563049,
                            0.760784924030304,
                            0.16573436558246613,
                            -0.6368079781532288,
                            -0.29240167140960693,
                            0.8609952926635742
                        ],
                        "return": [
                            0.3152465224266052,
                            -0.48320186138153076,
                            0.6107617616653442,
                            -5.686977386474609,
                            0.5512323975563049,
                            0.760784924030304,
                            0.16573436558246613,
                            -0.6368079781532288,
                            -0.29240167140960693,
                            0.8609952926635742
                        ]
                    },
                    "step_3": {
                        "step_count": 360000,
                        "agents_return": [
                            0.6458160281181335,
                            0.7972930669784546,
                            0.6614397764205933,
                            0.6685277223587036,
                            0.15634721517562866,
                            0.5202463865280151,
                            0.3396206200122833,
                            0.7293329834938049,
                            0.4654790759086609,
                            -5.008070468902588
                        ],
                        "return": [
                            0.6458160281181335,
                            0.7972930669784546,
                            0.6614397764205933,
                            0.6685277223587036,
                            0.15634721517562866,
                            0.5202463865280151,
                            0.3396206200122833,
                            0.7293329834938049,
                            0.4654790759086609,
                            -5.008070468902588
                        ]
                    },
                    "step_4": {
                        "step_count": 480000,
                        "agents_return": [
                            0.7570004463195801,
                            0.7461346983909607,
                            0.6439051032066345,
                            1.0102224349975586,
                            -1.1755975484848022,
                            0.5890663266181946,
                            1.0294967889785767,
                            0.6927178502082825,
                            0.2637869119644165,
                            0.37602701783180237
                        ],
                        "return": [
                            0.7570004463195801,
                            0.7461346983909607,
                            0.6439051032066345,
                            1.0102224349975586,
                            -1.1755975484848022,
                            0.5890663266181946,
                            1.0294967889785767,
                            0.6927178502082825,
                            0.2637869119644165,
                            0.37602701783180237
                        ]
                    },
                    "step_5": {
                        "step_count": 600000,
                        "agents_return": [
                            1.0782840251922607,
                            0.6458207964897156,
                            0.5685765147209167,
                            0.6472817659378052,
                            0.6764030456542969,
                            1.1309921741485596,
                            0.7720244526863098,
                            1.0128369331359863,
                            1.0787887573242188,
                            0.5503300428390503
                        ],
                        "return": [
                            1.0782840251922607,
                            0.6458207964897156,
                            0.5685765147209167,
                            0.6472817659378052,
                            0.6764030456542969,
                            1.1309921741485596,
                            0.7720244526863098,
                            1.0128369331359863,
                            1.0787887573242188,
                            0.5503300428390503
                        ]
                    },
                    "step_6": {
                        "step_count": 720000,