{"collection/reward/episode_reward_mean":-0.6034101247787476,"_step":0,"collection/agents/info/agent_collisions":-0.005750000011175871,"collection/reward/reward_min":-1.0179288387298584,"collection/reward/episode_reward_max":0.20819808542728424,"collection/agents/reward/episode_reward_mean":-0.6034101247787476,"_wandb":{"runtime":134},"collection/agents/info/pos_rew":-0.00028410094091668725,"collection/agents/reward/episode_reward_max":0.20819808542728424,"_runtime":134.148235231,"collection/reward/reward_max":0.032273173332214355,"collection/reward/reward_mean":-0.006034100893884897,"collection/reward/episode_reward_min":-4.942790985107422,"_timestamp":1.77324756209525e+09,"collection/agents/reward/episode_reward_min":-4.942790985107422,"collection/agents/info/final_rew":0}