{"timers/collection_time":3.6713263988494873,"timers/evaluation_time":1.8695290088653564,"collection/agents/info/pos_rew":0.003679119748994708,"eval/video":{"height":700,"_type":"video-file","sha256":"514420b919f3207bcc6232d8129102c53bf8ff6a4723ceecc0793f42d672513c","size":145103,"path":"media/videos/eval/video_0_514420b919f3207bcc62.mp4","width":700},"train/agents/entropy":1.2544680833816528,"_timestamp":1.7732500114173892e+09,"_step":5,"eval/reward/episode_reward_mean":0.19438131153583527,"train/agents/loss_objective":0.04633759707212448,"timers/training_time":4.286272764205933,"train/agents/grad_norm_loss_critic":0.09470931440591812,"train/agents/explained_variance":0.1271592229604721,"_runtime":47.097133262,"collection/reward/reward_mean":-0.010404214262962341,"eval/agents/reward/episode_reward_max":0.4810192584991455,"train/agents/loss_entropy":0,"train/agents/loss_critic":0.16271106898784637,"collection/reward/episode_reward_mean":-1.0404213666915894,"train/agents/clip_fraction":0.047805555164813995,"eval/reward/episode_reward_min":-0.02504049241542816,"counters/current_frames":6000,"train/agents/kl_approx":0.004322444088757038,"eval/reward/episode_reward_max":0.4810192584991455,"collection/reward/reward_max":0.034813523292541504,"timers/total_time":42.930264949798584,"counters/total_frames":30000,"train/agents/grad_norm_loss_objective":0.05492115765810013,"collection/agents/info/agent_collisions":-0.014083333313465118,"collection/agents/info/final_rew":0,"collection/agents/reward/episode_reward_max":0.7566520571708679,"eval/reward/episode_len_mean":100,"collection/agents/reward/episode_reward_mean":-1.0404213666915894,"train/agents/ESS":0.9912116527557373,"eval/agents/reward/episode_reward_min":-0.02504049241542816,"timers/iteration_time":7.959022760391235,"collection/agents/reward/episode_reward_min":-6.979523658752441,"_wandb":{"runtime":47},"collection/reward/episode_reward_max":0.7566520571708679,"collection/reward/episode_reward_min":-6.979523658752441,"counters/iter":4,"collection/reward/reward_min":-1.0246880054473877,"eval/agents/reward/episode_reward_mean":0.19438131153583527}